<?xml version="1.0" encoding="UTF-8"?>
<configurationDescriptor version="65">
  <logicalFolder name="root" displayName="root" projectFiles="true">
    <logicalFolder name="HeaderFiles"
                   displayName="Header Files"
                   projectFiles="true">
      <logicalFolder name="f1" displayName="config" projectFiles="true">
        <logicalFolder name="f1"
                       displayName="pic32mz_ef_curiosity_v2"
                       projectFiles="true">
          <logicalFolder name="f1" displayName="bsp" projectFiles="true">
            <itemPath>../src/config/pic32mz_ef_curiosity_v2/bsp/bsp.h</itemPath>
          </logicalFolder>
          <logicalFolder name="f2" displayName="driver" projectFiles="true">
            <logicalFolder name="f1" displayName="i2c" projectFiles="true">
              <itemPath>../src/config/pic32mz_ef_curiosity_v2/driver/i2c/drv_i2c.h</itemPath>
              <itemPath>../src/config/pic32mz_ef_curiosity_v2/driver/i2c/drv_i2c_definitions.h</itemPath>
            </logicalFolder>
            <logicalFolder name="f2" displayName="usart" projectFiles="true">
              <itemPath>../src/config/pic32mz_ef_curiosity_v2/driver/usart/drv_usart.h</itemPath>
              <itemPath>../src/config/pic32mz_ef_curiosity_v2/driver/usart/drv_usart_definitions.h</itemPath>
            </logicalFolder>
            <logicalFolder name="f3" displayName="usb" projectFiles="true">
              <logicalFolder name="f1" displayName="usbhs" projectFiles="true">
                <logicalFolder name="f1" displayName="src" projectFiles="true">
                  <logicalFolder name="f1" displayName="templates" projectFiles="true">
                    <itemPath>../src/config/pic32mz_ef_curiosity_v2/driver/usb/usbhs/src/templates/usbhs_registers.h</itemPath>
                    <itemPath>../src/config/pic32mz_ef_curiosity_v2/driver/usb/usbhs/src/templates/usbhs_ClockResetControl_Default.h</itemPath>
                    <itemPath>../src/config/pic32mz_ef_curiosity_v2/driver/usb/usbhs/src/templates/usbhs_ClockResetControl_Unsupported.h</itemPath>
                    <itemPath>../src/config/pic32mz_ef_curiosity_v2/driver/usb/usbhs/src/templates/usbhs_EndpointFIFO_Default.h</itemPath>
                    <itemPath>../src/config/pic32mz_ef_curiosity_v2/driver/usb/usbhs/src/templates/usbhs_EndpointFIFO_Unsupported.h</itemPath>
                    <itemPath>../src/config/pic32mz_ef_curiosity_v2/driver/usb/usbhs/src/templates/usbhs_EndpointOperations_Default.h</itemPath>
                    <itemPath>../src/config/pic32mz_ef_curiosity_v2/driver/usb/usbhs/src/templates/usbhs_EndpointOperations_Unsupported.h</itemPath>
                    <itemPath>../src/config/pic32mz_ef_curiosity_v2/driver/usb/usbhs/src/templates/usbhs_EP0Status_Default.h</itemPath>
                    <itemPath>../src/config/pic32mz_ef_curiosity_v2/driver/usb/usbhs/src/templates/usbhs_EP0Status_Unsupported.h</itemPath>
                    <itemPath>../src/config/pic32mz_ef_curiosity_v2/driver/usb/usbhs/src/templates/usbhs_HighSpeedSupport_Default.h</itemPath>
                    <itemPath>../src/config/pic32mz_ef_curiosity_v2/driver/usb/usbhs/src/templates/usbhs_HighSpeedSupport_Unsupported.h</itemPath>
                    <itemPath>../src/config/pic32mz_ef_curiosity_v2/driver/usb/usbhs/src/templates/usbhs_Interrupts_Default.h</itemPath>
                    <itemPath>../src/config/pic32mz_ef_curiosity_v2/driver/usb/usbhs/src/templates/usbhs_Interrupts_Unsupported.h</itemPath>
                    <itemPath>../src/config/pic32mz_ef_curiosity_v2/driver/usb/usbhs/src/templates/usbhs_ModuleControl_Default.h</itemPath>
                    <itemPath>../src/config/pic32mz_ef_curiosity_v2/driver/usb/usbhs/src/templates/usbhs_ModuleControl_Unsupported.h</itemPath>
                    <itemPath>../src/config/pic32mz_ef_curiosity_v2/driver/usb/usbhs/src/templates/usbhs_RxEPStatus_Default.h</itemPath>
                    <itemPath>../src/config/pic32mz_ef_curiosity_v2/driver/usb/usbhs/src/templates/usbhs_RxEPStatus_Unsupported.h</itemPath>
                    <itemPath>../src/config/pic32mz_ef_curiosity_v2/driver/usb/usbhs/src/templates/usbhs_SoftReset_Default.h</itemPath>
                    <itemPath>../src/config/pic32mz_ef_curiosity_v2/driver/usb/usbhs/src/templates/usbhs_SoftReset_Unsupported.h</itemPath>
                    <itemPath>../src/config/pic32mz_ef_curiosity_v2/driver/usb/usbhs/src/templates/usbhs_TxEPStatus_Default.h</itemPath>
                    <itemPath>../src/config/pic32mz_ef_curiosity_v2/driver/usb/usbhs/src/templates/usbhs_TxEPStatus_Unsupported.h</itemPath>
                    <itemPath>../src/config/pic32mz_ef_curiosity_v2/driver/usb/usbhs/src/templates/usbhs_USBIDControl_Default.h</itemPath>
                    <itemPath>../src/config/pic32mz_ef_curiosity_v2/driver/usb/usbhs/src/templates/usbhs_USBIDControl_Unsupported.h</itemPath>
                  </logicalFolder>
                  <itemPath>../src/config/pic32mz_ef_curiosity_v2/driver/usb/usbhs/src/drv_usbhs_variant_mapping.h</itemPath>
                  <itemPath>../src/config/pic32mz_ef_curiosity_v2/driver/usb/usbhs/src/drv_usbhs_local.h</itemPath>
                  <itemPath>../src/config/pic32mz_ef_curiosity_v2/driver/usb/usbhs/src/plib_usbhs.h</itemPath>
                  <itemPath>../src/config/pic32mz_ef_curiosity_v2/driver/usb/usbhs/src/plib_usbhs_header.h</itemPath>
                  <itemPath>../src/config/pic32mz_ef_curiosity_v2/driver/usb/usbhs/src/usbhs_registers.h</itemPath>
                </logicalFolder>
                <itemPath>../src/config/pic32mz_ef_curiosity_v2/driver/usb/usbhs/drv_usbhs.h</itemPath>
              </logicalFolder>
              <itemPath>../src/config/pic32mz_ef_curiosity_v2/driver/usb/drv_usb.h</itemPath>
              <itemPath>../src/config/pic32mz_ef_curiosity_v2/driver/usb/drv_usb_external_dependencies.h</itemPath>
            </logicalFolder>
            <itemPath>../src/config/pic32mz_ef_curiosity_v2/driver/driver.h</itemPath>
            <itemPath>../src/config/pic32mz_ef_curiosity_v2/driver/driver_common.h</itemPath>
          </logicalFolder>
          <logicalFolder name="f3" displayName="osal" projectFiles="true">
            <itemPath>../src/config/pic32mz_ef_curiosity_v2/osal/osal.h</itemPath>
            <itemPath>../src/config/pic32mz_ef_curiosity_v2/osal/osal_definitions.h</itemPath>
            <itemPath>../src/config/pic32mz_ef_curiosity_v2/osal/osal_freertos.h</itemPath>
          </logicalFolder>
          <logicalFolder name="f4" displayName="peripheral" projectFiles="true">
            <logicalFolder name="f1" displayName="cache" projectFiles="true">
              <itemPath>../src/config/pic32mz_ef_curiosity_v2/peripheral/cache/plib_cache.h</itemPath>
              <itemPath>../src/config/pic32mz_ef_curiosity_v2/peripheral/cache/plib_cache_pic32mz.h</itemPath>
            </logicalFolder>
            <logicalFolder name="f2" displayName="clk" projectFiles="true">
              <itemPath>../src/config/pic32mz_ef_curiosity_v2/peripheral/clk/plib_clk.h</itemPath>
            </logicalFolder>
            <logicalFolder name="f3" displayName="coretimer" projectFiles="true">
              <itemPath>../src/config/pic32mz_ef_curiosity_v2/peripheral/coretimer/plib_coretimer.h</itemPath>
            </logicalFolder>
            <logicalFolder name="f4" displayName="evic" projectFiles="true">
              <itemPath>../src/config/pic32mz_ef_curiosity_v2/peripheral/evic/plib_evic.h</itemPath>
            </logicalFolder>
            <logicalFolder name="f5" displayName="gpio" projectFiles="true">
              <itemPath>../src/config/pic32mz_ef_curiosity_v2/peripheral/gpio/plib_gpio.h</itemPath>
            </logicalFolder>
            <logicalFolder name="f6" displayName="i2c" projectFiles="true">
              <logicalFolder name="f1" displayName="master" projectFiles="true">
                <itemPath>../src/config/pic32mz_ef_curiosity_v2/peripheral/i2c/master/plib_i2c1_master.h</itemPath>
                <itemPath>../src/config/pic32mz_ef_curiosity_v2/peripheral/i2c/master/plib_i2c_master_common.h</itemPath>
              </logicalFolder>
            </logicalFolder>
            <logicalFolder name="f7" displayName="uart" projectFiles="true">
              <itemPath>../src/config/pic32mz_ef_curiosity_v2/peripheral/uart/plib_uart_common.h</itemPath>
              <itemPath>../src/config/pic32mz_ef_curiosity_v2/peripheral/uart/plib_uart6.h</itemPath>
            </logicalFolder>
          </logicalFolder>
          <logicalFolder name="f5" displayName="system" projectFiles="true">
            <logicalFolder name="f1" displayName="cache" projectFiles="true">
              <itemPath>../src/config/pic32mz_ef_curiosity_v2/system/cache/sys_cache.h</itemPath>
            </logicalFolder>
            <logicalFolder name="f2" displayName="debug" projectFiles="true">
              <itemPath>../src/config/pic32mz_ef_curiosity_v2/system/debug/sys_debug.h</itemPath>
            </logicalFolder>
            <logicalFolder name="f3" displayName="dma" projectFiles="true">
              <itemPath>../src/config/pic32mz_ef_curiosity_v2/system/dma/sys_dma.h</itemPath>
              <itemPath>../src/config/pic32mz_ef_curiosity_v2/system/dma/sys_dma_mapping.h</itemPath>
            </logicalFolder>
            <logicalFolder name="f4" displayName="fs" projectFiles="true">
              <logicalFolder name="f1" displayName="fat_fs" projectFiles="true">
                <logicalFolder name="f1" displayName="file_system" projectFiles="true">
                  <itemPath>../src/config/pic32mz_ef_curiosity_v2/system/fs/fat_fs/file_system/ff.h</itemPath>
                  <itemPath>../src/config/pic32mz_ef_curiosity_v2/system/fs/fat_fs/file_system/ffconf.h</itemPath>
                </logicalFolder>
                <logicalFolder name="f2" displayName="hardware_access" projectFiles="true">
                  <itemPath>../src/config/pic32mz_ef_curiosity_v2/system/fs/fat_fs/hardware_access/diskio.h</itemPath>
                </logicalFolder>
              </logicalFolder>
              <itemPath>../src/config/pic32mz_ef_curiosity_v2/system/fs/sys_fs.h</itemPath>
              <itemPath>../src/config/pic32mz_ef_curiosity_v2/system/fs/src/sys_fs_local.h</itemPath>
              <itemPath>../src/config/pic32mz_ef_curiosity_v2/system/fs/sys_fs_media_manager.h</itemPath>
              <itemPath>../src/config/pic32mz_ef_curiosity_v2/system/fs/src/sys_fs_media_manager_local.h</itemPath>
              <itemPath>../src/config/pic32mz_ef_curiosity_v2/system/fs/sys_fs_fat_interface.h</itemPath>
            </logicalFolder>
            <logicalFolder name="f5" displayName="int" projectFiles="true">
              <itemPath>../src/config/pic32mz_ef_curiosity_v2/system/int/sys_int.h</itemPath>
              <itemPath>../src/config/pic32mz_ef_curiosity_v2/system/int/sys_int_mapping.h</itemPath>
            </logicalFolder>
            <logicalFolder name="f6" displayName="time" projectFiles="true">
              <itemPath>../src/config/pic32mz_ef_curiosity_v2/system/time/sys_time.h</itemPath>
              <itemPath>../src/config/pic32mz_ef_curiosity_v2/system/time/sys_time_definitions.h</itemPath>
              <itemPath>../src/config/pic32mz_ef_curiosity_v2/system/time/src/sys_time_local.h</itemPath>
            </logicalFolder>
            <itemPath>../src/config/pic32mz_ef_curiosity_v2/system/system.h</itemPath>
            <itemPath>../src/config/pic32mz_ef_curiosity_v2/system/system_common.h</itemPath>
            <itemPath>../src/config/pic32mz_ef_curiosity_v2/system/system_module.h</itemPath>
            <itemPath>../src/config/pic32mz_ef_curiosity_v2/system/system_media.h</itemPath>
          </logicalFolder>
          <logicalFolder name="f6" displayName="usb" projectFiles="true">
            <logicalFolder name="f1" displayName="src" projectFiles="true">
              <itemPath>../src/config/pic32mz_ef_curiosity_v2/usb/src/usb_host_msd_local.h</itemPath>
              <itemPath>../src/config/pic32mz_ef_curiosity_v2/usb/src/usb_host_scsi_local.h</itemPath>
              <itemPath>../src/config/pic32mz_ef_curiosity_v2/usb/src/usb_host_local.h</itemPath>
              <itemPath>../src/config/pic32mz_ef_curiosity_v2/usb/src/usb_host_hub_mapping.h</itemPath>
              <itemPath>../src/config/pic32mz_ef_curiosity_v2/usb/src/usb_external_dependencies.h</itemPath>
            </logicalFolder>
            <itemPath>../src/config/pic32mz_ef_curiosity_v2/usb/usb_host_msd.h</itemPath>
            <itemPath>../src/config/pic32mz_ef_curiosity_v2/usb/usb_host_scsi.h</itemPath>
            <itemPath>../src/config/pic32mz_ef_curiosity_v2/usb/usb_msd.h</itemPath>
            <itemPath>../src/config/pic32mz_ef_curiosity_v2/usb/scsi.h</itemPath>
            <itemPath>../src/config/pic32mz_ef_curiosity_v2/usb/usb_host_client_driver.h</itemPath>
            <itemPath>../src/config/pic32mz_ef_curiosity_v2/usb/usb_host_hub_interface.h</itemPath>
            <itemPath>../src/config/pic32mz_ef_curiosity_v2/usb/usb_host.h</itemPath>
            <itemPath>../src/config/pic32mz_ef_curiosity_v2/usb/usb_hub.h</itemPath>
            <itemPath>../src/config/pic32mz_ef_curiosity_v2/usb/usb_common.h</itemPath>
            <itemPath>../src/config/pic32mz_ef_curiosity_v2/usb/usb_chapter_9.h</itemPath>
          </logicalFolder>
          <itemPath>../src/config/pic32mz_ef_curiosity_v2/device_cache.h</itemPath>
          <itemPath>../src/config/pic32mz_ef_curiosity_v2/toolchain_specifics.h</itemPath>
          <itemPath>../src/config/pic32mz_ef_curiosity_v2/definitions.h</itemPath>
          <itemPath>../src/config/pic32mz_ef_curiosity_v2/device.h</itemPath>
          <itemPath>../src/config/pic32mz_ef_curiosity_v2/FreeRTOSConfig.h</itemPath>
          <itemPath>../src/config/pic32mz_ef_curiosity_v2/user.h</itemPath>
          <itemPath>../src/config/pic32mz_ef_curiosity_v2/configuration.h</itemPath>
          <itemPath>../src/config/pic32mz_ef_curiosity_v2/interrupts.h</itemPath>
        </logicalFolder>
      </logicalFolder>
      <logicalFolder name="f2" displayName="FreeRTOS" projectFiles="true">
        <logicalFolder name="f1" displayName="Source" projectFiles="true">
          <logicalFolder name="f1" displayName="include" projectFiles="true">
            <itemPath>../src/third_party/rtos/FreeRTOS/Source/include/croutine.h</itemPath>
            <itemPath>../src/third_party/rtos/FreeRTOS/Source/include/event_groups.h</itemPath>
            <itemPath>../src/third_party/rtos/FreeRTOS/Source/include/FreeRTOS.h</itemPath>
            <itemPath>../src/third_party/rtos/FreeRTOS/Source/include/list.h</itemPath>
            <itemPath>../src/third_party/rtos/FreeRTOS/Source/include/mpu_wrappers.h</itemPath>
            <itemPath>../src/third_party/rtos/FreeRTOS/Source/include/portable.h</itemPath>
            <itemPath>../src/third_party/rtos/FreeRTOS/Source/include/projdefs.h</itemPath>
            <itemPath>../src/third_party/rtos/FreeRTOS/Source/include/queue.h</itemPath>
            <itemPath>../src/third_party/rtos/FreeRTOS/Source/include/semphr.h</itemPath>
            <itemPath>../src/third_party/rtos/FreeRTOS/Source/include/stack_macros.h</itemPath>
            <itemPath>../src/third_party/rtos/FreeRTOS/Source/include/deprecated_definitions.h</itemPath>
            <itemPath>../src/third_party/rtos/FreeRTOS/Source/include/task.h</itemPath>
            <itemPath>../src/third_party/rtos/FreeRTOS/Source/include/timers.h</itemPath>
            <itemPath>../src/third_party/rtos/FreeRTOS/Source/include/mpu_prototypes.h</itemPath>
            <itemPath>../src/third_party/rtos/FreeRTOS/Source/include/stream_buffer.h</itemPath>
            <itemPath>../src/third_party/rtos/FreeRTOS/Source/include/message_buffer.h</itemPath>
          </logicalFolder>
          <logicalFolder name="f2" displayName="portable" projectFiles="true">
            <logicalFolder name="f1" displayName="MPLAB" projectFiles="true">
              <logicalFolder name="f1" displayName="PIC32MZ" projectFiles="true">
                <itemPath>../src/third_party/rtos/FreeRTOS/Source/portable/MPLAB/PIC32MZ/portmacro.h</itemPath>
                <itemPath>../src/third_party/rtos/FreeRTOS/Source/portable/MPLAB/PIC32MZ/ISR_Support.h</itemPath>
              </logicalFolder>
            </logicalFolder>
          </logicalFolder>
        </logicalFolder>
      </logicalFolder>
      <itemPath>../src/app_sensor_thread.h</itemPath>
      <itemPath>../src/app_eeprom_thread.h</itemPath>
      <itemPath>../src/app_usb_thread.h</itemPath>
      <itemPath>../src/app_user_input_thread.h</itemPath>
    </logicalFolder>
    <logicalFolder name="ExternalFiles"
                   displayName="Important Files"
                   projectFiles="true">
      <logicalFolder name="f1"
                     displayName="pic32mz_ef_curiosity_v2.mhc"
                     projectFiles="true">
        <itemPath>../src/config/pic32mz_ef_curiosity_v2/pic32mz_ef_curiosity_v2.mhc/BSP_PIC32MZ_EF_Curiosity_2.0.yml</itemPath>
        <itemPath>../src/config/pic32mz_ef_curiosity_v2/pic32mz_ef_curiosity_v2.mhc/core.yml</itemPath>
        <itemPath>../src/config/pic32mz_ef_curiosity_v2/pic32mz_ef_curiosity_v2.mhc/core_timer.yml</itemPath>
        <itemPath>../src/config/pic32mz_ef_curiosity_v2/pic32mz_ef_curiosity_v2.mhc/dfp.yml</itemPath>
        <itemPath>../src/config/pic32mz_ef_curiosity_v2/pic32mz_ef_curiosity_v2.mhc/drv_i2c.yml</itemPath>
        <itemPath>../src/config/pic32mz_ef_curiosity_v2/pic32mz_ef_curiosity_v2.mhc/drv_usart.yml</itemPath>
        <itemPath>../src/config/pic32mz_ef_curiosity_v2/pic32mz_ef_curiosity_v2.mhc/drv_usbhs_v1.yml</itemPath>
        <itemPath>../src/config/pic32mz_ef_curiosity_v2/pic32mz_ef_curiosity_v2.mhc/FreeRTOS.yml</itemPath>
        <itemPath>../src/config/pic32mz_ef_curiosity_v2/pic32mz_ef_curiosity_v2.mhc/GraphSettings.yml</itemPath>
        <itemPath>../src/config/pic32mz_ef_curiosity_v2/pic32mz_ef_curiosity_v2.mhc/HarmonyCore.yml</itemPath>
        <itemPath>../src/config/pic32mz_ef_curiosity_v2/pic32mz_ef_curiosity_v2.mhc/i2c1.yml</itemPath>
        <itemPath>../src/config/pic32mz_ef_curiosity_v2/pic32mz_ef_curiosity_v2.mhc/project.yml</itemPath>
        <itemPath>../src/config/pic32mz_ef_curiosity_v2/pic32mz_ef_curiosity_v2.mhc/settings.yml</itemPath>
        <itemPath>../src/config/pic32mz_ef_curiosity_v2/pic32mz_ef_curiosity_v2.mhc/sys_fs.yml</itemPath>
        <itemPath>../src/config/pic32mz_ef_curiosity_v2/pic32mz_ef_curiosity_v2.mhc/sys_time.yml</itemPath>
        <itemPath>../src/config/pic32mz_ef_curiosity_v2/pic32mz_ef_curiosity_v2.mhc/uart6.yml</itemPath>
        <itemPath>../src/config/pic32mz_ef_curiosity_v2/pic32mz_ef_curiosity_v2.mhc/usb_host.yml</itemPath>
        <itemPath>../src/config/pic32mz_ef_curiosity_v2/pic32mz_ef_curiosity_v2.mhc/usb_host_msd.yml</itemPath>
      </logicalFolder>
      <itemPath>Makefile</itemPath>
      <itemPath>../src/config/pic32mz_ef_curiosity_v2/harmony-manifest-success.yml</itemPath>
      <itemPath>getting_started_middleware_drivers_freertos_pic32mz_ef_curiosity_v2.mc3</itemPath>
    </logicalFolder>
    <logicalFolder name="LinkerScript"
                   displayName="Linker Files"
                   projectFiles="true">
      <logicalFolder name="f1" displayName="config" projectFiles="true">
        <logicalFolder name="f1"
                       displayName="pic32mz_ef_curiosity_v2"
                       projectFiles="true">
          <itemPath>../src/config/pic32mz_ef_curiosity_v2/p32MZ2048EFM144.ld</itemPath>
        </logicalFolder>
      </logicalFolder>
    </logicalFolder>
    <logicalFolder name="SourceFiles"
                   displayName="Source Files"
                   projectFiles="true">
      <logicalFolder name="f1" displayName="config" projectFiles="true">
        <logicalFolder name="f1"
                       displayName="pic32mz_ef_curiosity_v2"
                       projectFiles="true">
          <logicalFolder name="f1" displayName="bsp" projectFiles="true">
            <itemPath>../src/config/pic32mz_ef_curiosity_v2/bsp/bsp.c</itemPath>
          </logicalFolder>
          <logicalFolder name="f2" displayName="driver" projectFiles="true">
            <logicalFolder name="f1" displayName="i2c" projectFiles="true">
              <itemPath>../src/config/pic32mz_ef_curiosity_v2/driver/i2c/src/drv_i2c.c</itemPath>
              <itemPath>../src/config/pic32mz_ef_curiosity_v2/driver/i2c/src/drv_i2c_local.h</itemPath>
            </logicalFolder>
            <logicalFolder name="f2" displayName="usart" projectFiles="true">
              <itemPath>../src/config/pic32mz_ef_curiosity_v2/driver/usart/src/drv_usart.c</itemPath>
              <itemPath>../src/config/pic32mz_ef_curiosity_v2/driver/usart/src/drv_usart_local.h</itemPath>
            </logicalFolder>
            <logicalFolder name="f3" displayName="usb" projectFiles="true">
              <logicalFolder name="f1" displayName="usbhs" projectFiles="true">
                <logicalFolder name="f1" displayName="src" projectFiles="true">
                  <itemPath>../src/config/pic32mz_ef_curiosity_v2/driver/usb/usbhs/src/drv_usbhs.c</itemPath>
                  <itemPath>../src/config/pic32mz_ef_curiosity_v2/driver/usb/usbhs/src/drv_usbhs_host.c</itemPath>
                </logicalFolder>
              </logicalFolder>
            </logicalFolder>
          </logicalFolder>
          <logicalFolder name="f3" displayName="osal" projectFiles="true">
            <itemPath>../src/config/pic32mz_ef_curiosity_v2/osal/osal_freertos.c</itemPath>
          </logicalFolder>
          <logicalFolder name="f4" displayName="peripheral" projectFiles="true">
            <logicalFolder name="f1" displayName="cache" projectFiles="true">
              <itemPath>../src/config/pic32mz_ef_curiosity_v2/peripheral/cache/plib_cache_local.h</itemPath>
              <itemPath>../src/config/pic32mz_ef_curiosity_v2/peripheral/cache/plib_cache.c</itemPath>
              <itemPath>../src/config/pic32mz_ef_curiosity_v2/peripheral/cache/plib_cache_pic32mz.S</itemPath>
            </logicalFolder>
            <logicalFolder name="f2" displayName="clk" projectFiles="true">
              <itemPath>../src/config/pic32mz_ef_curiosity_v2/peripheral/clk/plib_clk.c</itemPath>
            </logicalFolder>
            <logicalFolder name="f3" displayName="coretimer" projectFiles="true">
              <itemPath>../src/config/pic32mz_ef_curiosity_v2/peripheral/coretimer/plib_coretimer.c</itemPath>
            </logicalFolder>
            <logicalFolder name="f4" displayName="evic" projectFiles="true">
              <itemPath>../src/config/pic32mz_ef_curiosity_v2/peripheral/evic/plib_evic.c</itemPath>
            </logicalFolder>
            <logicalFolder name="f5" displayName="gpio" projectFiles="true">
              <itemPath>../src/config/pic32mz_ef_curiosity_v2/peripheral/gpio/plib_gpio.c</itemPath>
            </logicalFolder>
            <logicalFolder name="f6" displayName="i2c" projectFiles="true">
              <logicalFolder name="f1" displayName="master" projectFiles="true">
                <itemPath>../src/config/pic32mz_ef_curiosity_v2/peripheral/i2c/master/plib_i2c1_master.c</itemPath>
              </logicalFolder>
            </logicalFolder>
            <logicalFolder name="f7" displayName="uart" projectFiles="true">
              <itemPath>../src/config/pic32mz_ef_curiosity_v2/peripheral/uart/plib_uart6.c</itemPath>
            </logicalFolder>
          </logicalFolder>
          <logicalFolder name="f5" displayName="stdio" projectFiles="true">
            <itemPath>../src/config/pic32mz_ef_curiosity_v2/stdio/xc32_monitor.c</itemPath>
          </logicalFolder>
          <logicalFolder name="f6" displayName="system" projectFiles="true">
            <logicalFolder name="f1" displayName="cache" projectFiles="true">
              <itemPath>../src/config/pic32mz_ef_curiosity_v2/system/cache/sys_cache.c</itemPath>
            </logicalFolder>
            <logicalFolder name="f2" displayName="dma" projectFiles="true">
              <itemPath>../src/config/pic32mz_ef_curiosity_v2/system/dma/sys_dma.c</itemPath>
            </logicalFolder>
            <logicalFolder name="f3" displayName="fs" projectFiles="true">
              <logicalFolder name="f1" displayName="fat_fs" projectFiles="true">
                <logicalFolder name="f1" displayName="file_system" projectFiles="true">
                  <itemPath>../src/config/pic32mz_ef_curiosity_v2/system/fs/fat_fs/file_system/ff.c</itemPath>
                  <itemPath>../src/config/pic32mz_ef_curiosity_v2/system/fs/fat_fs/file_system/ffunicode.c</itemPath>
                </logicalFolder>
                <logicalFolder name="f2" displayName="hardware_access" projectFiles="true">
                  <itemPath>../src/config/pic32mz_ef_curiosity_v2/system/fs/fat_fs/hardware_access/diskio.c</itemPath>
                </logicalFolder>
              </logicalFolder>
              <itemPath>../src/config/pic32mz_ef_curiosity_v2/system/fs/src/sys_fs.c</itemPath>
              <itemPath>../src/config/pic32mz_ef_curiosity_v2/system/fs/src/sys_fs_media_manager.c</itemPath>
              <itemPath>../src/config/pic32mz_ef_curiosity_v2/system/fs/src/sys_fs_fat_interface.c</itemPath>
            </logicalFolder>
            <logicalFolder name="f4" displayName="int" projectFiles="true">
              <itemPath>../src/config/pic32mz_ef_curiosity_v2/system/int/src/sys_int.c</itemPath>
            </logicalFolder>
            <logicalFolder name="f5" displayName="time" projectFiles="true">
              <itemPath>../src/config/pic32mz_ef_curiosity_v2/system/time/src/sys_time.c</itemPath>
            </logicalFolder>
          </logicalFolder>
          <logicalFolder name="f7" displayName="usb" projectFiles="true">
            <logicalFolder name="f1" displayName="src" projectFiles="true">
              <itemPath>../src/config/pic32mz_ef_curiosity_v2/usb/src/usb_host_msd.c</itemPath>
              <itemPath>../src/config/pic32mz_ef_curiosity_v2/usb/src/usb_host_scsi.c</itemPath>
              <itemPath>../src/config/pic32mz_ef_curiosity_v2/usb/src/usb_host.c</itemPath>
            </logicalFolder>
          </logicalFolder>
          <itemPath>../src/config/pic32mz_ef_curiosity_v2/initialization.c</itemPath>
          <itemPath>../src/config/pic32mz_ef_curiosity_v2/interrupts.c</itemPath>
          <itemPath>../src/config/pic32mz_ef_curiosity_v2/interrupts_a.S</itemPath>
          <itemPath>../src/config/pic32mz_ef_curiosity_v2/exceptions.c</itemPath>
          <itemPath>../src/config/pic32mz_ef_curiosity_v2/usb_host_init_data.c</itemPath>
          <itemPath>../src/config/pic32mz_ef_curiosity_v2/freertos_hooks.c</itemPath>
          <itemPath>../src/config/pic32mz_ef_curiosity_v2/tasks.c</itemPath>
        </logicalFolder>
      </logicalFolder>
      <logicalFolder name="f2" displayName="FreeRTOS" projectFiles="true">
        <logicalFolder name="f1" displayName="Source" projectFiles="true">
          <logicalFolder name="f1" displayName="portable" projectFiles="true">
            <logicalFolder name="f1" displayName="MemMang" projectFiles="true">
              <itemPath>../src/third_party/rtos/FreeRTOS/Source/portable/MemMang/heap_1.c</itemPath>
            </logicalFolder>
            <logicalFolder name="f2" displayName="MPLAB" projectFiles="true">
              <logicalFolder name="f1" displayName="PIC32MZ" projectFiles="true">
                <itemPath>../src/third_party/rtos/FreeRTOS/Source/portable/MPLAB/PIC32MZ/port.c</itemPath>
                <itemPath>../src/third_party/rtos/FreeRTOS/Source/portable/MPLAB/PIC32MZ/port_asm.S</itemPath>
              </logicalFolder>
            </logicalFolder>
          </logicalFolder>
          <itemPath>../src/third_party/rtos/FreeRTOS/Source/croutine.c</itemPath>
          <itemPath>../src/third_party/rtos/FreeRTOS/Source/list.c</itemPath>
          <itemPath>../src/third_party/rtos/FreeRTOS/Source/queue.c</itemPath>
          <itemPath>../src/third_party/rtos/FreeRTOS/Source/FreeRTOS_tasks.c</itemPath>
          <itemPath>../src/third_party/rtos/FreeRTOS/Source/timers.c</itemPath>
          <itemPath>../src/third_party/rtos/FreeRTOS/Source/event_groups.c</itemPath>
          <itemPath>../src/third_party/rtos/FreeRTOS/Source/stream_buffer.c</itemPath>
        </logicalFolder>
      </logicalFolder>
      <itemPath>../src/main_pic32mz.c</itemPath>
      <itemPath>../src/app_sensor_thread.c</itemPath>
      <itemPath>../src/app_eeprom_thread.c</itemPath>
      <itemPath>../src/app_usb_thread.c</itemPath>
      <itemPath>../src/app_user_input_thread.c</itemPath>
    </logicalFolder>
  </logicalFolder>
  <sourceRootList>
    <Elem>../src</Elem>
  </sourceRootList>
  <projectmakefile>Makefile</projectmakefile>
  <confs>
    <conf name="pic32mz_ef_curiosity_v2" type="2">
      <toolsSet>
        <developmentServer>localhost</developmentServer>
        <targetDevice>PIC32MZ2048EFM144</targetDevice>
        <targetHeader></targetHeader>
        <targetPluginBoard></targetPluginBoard>
        <platformTool>pk4hybrid</platformTool>
        <languageToolchain>XC32</languageToolchain>
        <languageToolchainVersion>3.01</languageToolchainVersion>
        <platform>3</platform>
      </toolsSet>
      <packs>
        <pack name="PIC32MZ-EF_DFP" vendor="Microchip" version="1.3.58"/>
      </packs>
      <ScriptingSettings>
      </ScriptingSettings>
      <compileType>
        <linkerTool>
          <linkerLibItems>
          </linkerLibItems>
        </linkerTool>
        <archiverTool>
        </archiverTool>
        <loading>
          <useAlternateLoadableFile>false</useAlternateLoadableFile>
          <parseOnProdLoad>false</parseOnProdLoad>
          <alternateLoadableFile></alternateLoadableFile>
        </loading>
        <subordinates>
        </subordinates>
      </compileType>
      <makeCustomizationType>
        <makeCustomizationPreStepEnabled>false</makeCustomizationPreStepEnabled>
        <makeUseCleanTarget>false</makeUseCleanTarget>
        <makeCustomizationPreStep></makeCustomizationPreStep>
        <makeCustomizationPostStepEnabled>true</makeCustomizationPostStepEnabled>
        <makeCustomizationPostStep>rm -rf ${ProjectDir}/../../hex &amp;&amp; mkdir ${ProjectDir}/../../hex &amp;&amp; cp ${ProjectDir}/${ImagePath} ${ProjectDir}/../../hex/</makeCustomizationPostStep>
        <makeCustomizationPutChecksumInUserID>false</makeCustomizationPutChecksumInUserID>
        <makeCustomizationEnableLongLines>false</makeCustomizationEnableLongLines>
        <makeCustomizationNormalizeHexFile>false</makeCustomizationNormalizeHexFile>
      </makeCustomizationType>
      <C32>
        <property key="additional-warnings" value="true"/>
        <property key="addresss-attribute-use" value="false"/>
        <property key="appendMe" value=""/>
        <property key="enable-app-io" value="false"/>
        <property key="enable-omit-frame-pointer" value="false"/>
        <property key="enable-symbols" value="true"/>
        <property key="enable-unroll-loops" value="false"/>
        <property key="exclude-floating-point" value="false"/>
        <property key="extra-include-directories"
                  value="../src;../src/config/pic32mz_ef_curiosity_v2;;;../src/config/pic32mz_ef_curiosity_v2/system/fs/fat_fs/file_system;../src/config/pic32mz_ef_curiosity_v2/system/fs/fat_fs/hardware_access;../src/third_party/rtos/FreeRTOS/Source/portable/MPLAB/PIC32MZ;../src/third_party/rtos/FreeRTOS/Source/include;;"/>
        <property key="generate-16-bit-code" value="false"/>
        <property key="generate-micro-compressed-code" value="false"/>
        <property key="isolate-each-function" value="true"/>
        <property key="make-warnings-into-errors" value="true"/>
        <property key="optimization-level" value="-O1"/>
        <property key="place-data-into-section" value="false"/>
        <property key="post-instruction-scheduling" value="default"/>
        <property key="pre-instruction-scheduling" value="default"/>
        <property key="preprocessor-macros" value=""/>
        <property key="strict-ansi" value="false"/>
        <property key="support-ansi" value="false"/>
        <property key="tentative-definitions" value="-fno-common"/>
        <property key="toplevel-reordering" value=""/>
        <property key="unaligned-access" value=""/>
        <property key="use-cci" value="false"/>
        <property key="use-iar" value="false"/>
        <property key="use-indirect-calls" value="false"/>
      </C32>
      <C32-AR>
        <property key="additional-options-chop-files" value="false"/>
      </C32-AR>
      <C32-AS>
        <property key="appendMe" value=""/>
        <property key="assembler-symbols" value=""/>
        <property key="enable-symbols" value="true"/>
        <property key="exclude-floating-point-library" value="false"/>
        <property key="expand-macros" value="false"/>
        <property key="extra-include-directories-for-assembler"
                  value="../src/third_party/rtos/FreeRTOS/Source/portable/MPLAB/PIC32MZ;../src/third_party/rtos/FreeRTOS/Source/include;../src/config/pic32mz_ef_curiosity_v2;;"/>
        <property key="extra-include-directories-for-preprocessor"
                  value="../src/third_party/rtos/FreeRTOS/Source/portable/MPLAB/PIC32MZ;../src/third_party/rtos/FreeRTOS/Source/include;../src/config/pic32mz_ef_curiosity_v2;;"/>
        <property key="false-conditionals" value="false"/>
        <property key="generate-16-bit-code" value="false"/>
        <property key="generate-micro-compressed-code" value="false"/>
        <property key="keep-locals" value="false"/>
        <property key="list-assembly" value="false"/>
        <property key="list-source" value="false"/>
        <property key="list-symbols" value="false"/>
        <property key="oXC32asm-list-to-file" value="false"/>
        <property key="omit-debug-dirs" value="false"/>
        <property key="omit-forms" value="false"/>
        <property key="preprocessor-macros" value=""/>
        <property key="warning-level" value=""/>
      </C32-AS>
      <C32-CO>
        <property key="coverage-enable" value=""/>
        <property key="stack-guidance" value="false"/>
      </C32-CO>
      <C32-LD>
        <property key="additional-options-use-response-files" value="false"/>
        <property key="additional-options-write-sla" value="false"/>
        <property key="allocate-dinit" value="false"/>
        <property key="appendMe" value=""/>
        <property key="code-dinit" value="false"/>
        <property key="ebase-addr" value=""/>
        <property key="enable-check-sections" value="false"/>
        <property key="exclude-floating-point-library" value="false"/>
        <property key="exclude-standard-libraries" value="false"/>
        <property key="extra-lib-directories" value=""/>
        <property key="fill-flash-options-addr" value=""/>
        <property key="fill-flash-options-const" value=""/>
        <property key="fill-flash-options-how" value="0"/>
        <property key="fill-flash-options-inc-const" value="1"/>
        <property key="fill-flash-options-increment" value=""/>
        <property key="fill-flash-options-seq" value=""/>
        <property key="fill-flash-options-what" value="0"/>
        <property key="generate-16-bit-code" value="false"/>
        <property key="generate-cross-reference-file" value="false"/>
        <property key="generate-micro-compressed-code" value="false"/>
        <property key="heap-size" value="512"/>
        <property key="input-libraries" value=""/>
        <property key="kseg-length" value=""/>
        <property key="kseg-origin" value=""/>
        <property key="linker-symbols" value=""/>
        <property key="map-file" value="${DISTDIR}/${PROJECTNAME}.${IMAGE_TYPE}.map"/>
        <property key="no-device-startup-code" value="true"/>
        <property key="no-startup-files" value="false"/>
        <property key="oXC32ld-extra-opts" value=""/>
        <property key="optimization-level" value=""/>
        <property key="preprocessor-macros" value=";"/>
        <property key="remove-unused-sections" value="true"/>
        <property key="report-memory-usage" value="false"/>
        <property key="serial-length" value=""/>
        <property key="serial-origin" value=""/>
        <property key="stack-size" value=""/>
        <property key="symbol-stripping" value=""/>
        <property key="trace-symbols" value=""/>
        <property key="warn-section-align" value="false"/>
      </C32-LD>
      <C32CPP>
        <property key="additional-warnings" value="false"/>
        <property key="addresss-attribute-use" value="false"/>
        <property key="appendMe" value=""/>
        <property key="check-new" value="false"/>
        <property key="eh-specs" value="true"/>
        <property key="enable-app-io" value="false"/>
        <property key="enable-omit-frame-pointer" value="false"/>
        <property key="enable-symbols" value="true"/>
        <property key="enable-unroll-loops" value="false"/>
        <property key="exceptions" value="true"/>
        <property key="exclude-floating-point" value="false"/>
        <property key="extra-include-directories"
                  value="../src;../src/config/pic32mz_ef_curiosity_v2;;;../src/config/pic32mz_ef_curiosity_v2/system/fs/fat_fs/file_system;../src/config/pic32mz_ef_curiosity_v2/system/fs/fat_fs/hardware_access;../src/third_party/rtos/FreeRTOS/Source/portable/MPLAB/PIC32MZ;../src/third_party/rtos/FreeRTOS/Source/include;;"/>
        <property key="generate-16-bit-code" value="false"/>
        <property key="generate-micro-compressed-code" value="false"/>
        <property key="isolate-each-function" value="true"/>
        <property key="make-warnings-into-errors" value="false"/>
        <property key="optimization-level" value="-O1"/>
        <property key="place-data-into-section" value="false"/>
        <property key="post-instruction-scheduling" value="default"/>
        <property key="pre-instruction-scheduling" value="default"/>
        <property key="preprocessor-macros" value=""/>
        <property key="rtti" value="true"/>
        <property key="strict-ansi" value="false"/>
        <property key="toplevel-reordering" value=""/>
        <property key="unaligned-access" value=""/>
        <property key="use-cci" value="false"/>
        <property key="use-iar" value="false"/>
        <property key="use-indirect-calls" value="false"/>
      </C32CPP>
      <C32Global>
        <property key="common-include-directories" value=""/>
        <property key="gp-relative-option" value=""/>
        <property key="legacy-libc" value="false"/>
        <property key="mdtcm" value=""/>
        <property key="mitcm" value=""/>
        <property key="mstacktcm" value="false"/>
        <property key="omit-pack-options" value="1"/>
        <property key="relaxed-math" value="false"/>
        <property key="save-temps" value="false"/>
        <property key="stack-smashing" value=""/>
        <property key="wpo-lto" value="false"/>
      </C32Global>
      <PICkit3PlatformTool>
        <property key="ADC" value="true"/>
        <property key="AutoSelectMemRanges" value="auto"/>
        <property key="CAN1" value="true"/>
        <property key="CAN2" value="true"/>
        <property key="CHANGE NOTICE A" value="true"/>
        <property key="CHANGE NOTICE B" value="true"/>
        <property key="CHANGE NOTICE C" value="true"/>
        <property key="CHANGE NOTICE D" value="true"/>
        <property key="CHANGE NOTICE E" value="true"/>
        <property key="CHANGE NOTICE F" value="true"/>
        <property key="CHANGE NOTICE G" value="true"/>
        <property key="CHANGE NOTICE H" value="true"/>
        <property key="CHANGE NOTICE J" value="true"/>
        <property key="CHANGE NOTICE K" value="true"/>
        <property key="COMPARATOR" value="true"/>
        <property key="DMA" value="true"/>
        <property key="ETHERNET CONTROLLER" value="true"/>
        <property key="Freeze All Other Peripherals" value="true"/>
        <property key="I2C 1" value="true"/>
        <property key="I2C 2" value="true"/>
        <property key="I2C 3" value="true"/>
        <property key="I2C 4" value="true"/>
        <property key="I2C 5" value="true"/>
        <property key="INPUT CAPTURE 1" value="true"/>
        <property key="INPUT CAPTURE 2" value="true"/>
        <property key="INPUT CAPTURE 3" value="true"/>
        <property key="INPUT CAPTURE 4" value="true"/>
        <property key="INPUT CAPTURE 5" value="true"/>
        <property key="INPUT CAPTURE 6" value="true"/>
        <property key="INPUT CAPTURE 7" value="true"/>
        <property key="INPUT CAPTURE 8" value="true"/>
        <property key="INPUT CAPTURE 9" value="true"/>
        <property key="INTERRUPT CONTROL" value="true"/>
        <property key="OUTPUT COMPARE 1" value="true"/>
        <property key="OUTPUT COMPARE 2" value="true"/>
        <property key="OUTPUT COMPARE 3" value="true"/>
        <property key="OUTPUT COMPARE 4" value="true"/>
        <property key="OUTPUT COMPARE 5" value="true"/>
        <property key="OUTPUT COMPARE 6" value="true"/>
        <property key="OUTPUT COMPARE 7" value="true"/>
        <property key="OUTPUT COMPARE 8" value="true"/>
        <property key="OUTPUT COMPARE 9" value="true"/>
        <property key="PARALLEL MASTER/SLAVE PORT" value="true"/>
        <property key="REAL TIME CLOCK" value="true"/>
        <property key="REFERENCE CLOCK1" value="true"/>
        <property key="REFERENCE CLOCK2" value="true"/>
        <property key="REFERENCE CLOCK3" value="true"/>
        <property key="REFERENCE CLOCK4" value="true"/>
        <property key="SPI/I2S 1" value="true"/>
        <property key="SPI/I2S 2" value="true"/>
        <property key="SPI/I2S 3" value="true"/>
        <property key="SPI/I2S 4" value="true"/>
        <property key="SPI/I2S 5" value="true"/>
        <property key="SPI/I2S 6" value="true"/>
        <property key="SecureSegment.SegmentProgramming" value="FullChipProgramming"/>
        <property key="TIMER1" value="true"/>
        <property key="TIMER2" value="true"/>
        <property key="TIMER3" value="true"/>
        <property key="TIMER4" value="true"/>
        <property key="TIMER5" value="true"/>
        <property key="TIMER6" value="true"/>
        <property key="TIMER7" value="true"/>
        <property key="TIMER8" value="true"/>
        <property key="TIMER9" value="true"/>
        <property key="ToolFirmwareFilePath"
                  value="Press to browse for a specific firmware version"/>
        <property key="ToolFirmwareOption.UseLatestFirmware" value="true"/>
        <property key="UART1" value="true"/>
        <property key="UART2" value="true"/>
        <property key="UART3" value="true"/>
        <property key="UART4" value="true"/>
        <property key="UART5" value="true"/>
        <property key="UART6" value="true"/>
        <property key="debugoptions.useswbreakpoints" value="false"/>
        <property key="hwtoolclock.frcindebug" value="false"/>
        <property key="memories.aux" value="false"/>
        <property key="memories.bootflash" value="true"/>
        <property key="memories.configurationmemory" value="true"/>
        <property key="memories.configurationmemory2" value="true"/>
        <property key="memories.dataflash" value="true"/>
        <property key="memories.eeprom" value="true"/>
        <property key="memories.flashdata" value="true"/>
        <property key="memories.id" value="true"/>
        <property key="memories.instruction.ram" value="true"/>
        <property key="memories.instruction.ram.ranges"
                  value="${memories.instruction.ram.ranges}"/>
        <property key="memories.programmemory" value="true"/>
        <property key="memories.programmemory.ranges" value="1d000000-1d003fff"/>
        <property key="poweroptions.powerenable" value="false"/>
        <property key="programmertogo.imagename" value=""/>
        <property key="programoptions.donoteraseauxmem" value="false"/>
        <property key="programoptions.eraseb4program" value="true"/>
        <property key="programoptions.pgmspeed" value="2"/>
        <property key="programoptions.preservedataflash" value="false"/>
        <property key="programoptions.preservedataflash.ranges"
                  value="${programoptions.preservedataflash.ranges}"/>
        <property key="programoptions.preserveeeprom" value="false"/>
        <property key="programoptions.preserveeeprom.ranges" value=""/>
        <property key="programoptions.preserveprogram.ranges" value=""/>
        <property key="programoptions.preserveprogramrange" value="false"/>
        <property key="programoptions.preserveuserid" value="false"/>
        <property key="programoptions.programcalmem" value="false"/>
        <property key="programoptions.programuserotp" value="false"/>
        <property key="programoptions.testmodeentrymethod" value="VPPFirst"/>
        <property key="programoptions.usehighvoltageonmclr" value="false"/>
        <property key="programoptions.uselvpprogramming" value="false"/>
        <property key="voltagevalue" value="3.25"/>
      </PICkit3PlatformTool>
      <Tool>
        <property key="ADC" value="true"/>
        <property key="AutoSelectMemRanges" value="auto"/>
        <property key="CAN1" value="true"/>
        <property key="CAN2" value="true"/>
        <property key="CHANGE NOTICE A" value="true"/>
        <property key="CHANGE NOTICE B" value="true"/>
        <property key="CHANGE NOTICE C" value="true"/>
        <property key="CHANGE NOTICE D" value="true"/>
        <property key="CHANGE NOTICE E" value="true"/>
        <property key="CHANGE NOTICE F" value="true"/>
        <property key="CHANGE NOTICE G" value="true"/>
        <property key="CHANGE NOTICE H" value="true"/>
        <property key="CHANGE NOTICE J" value="true"/>
        <property key="CHANGE NOTICE K" value="true"/>
        <property key="COMPARATOR" value="true"/>
        <property key="DMA" value="true"/>
        <property key="ETHERNET CONTROLLER" value="true"/>
        <property key="Freeze All Other Peripherals" value="true"/>
        <property key="I2C 1" value="true"/>
        <property key="I2C 2" value="true"/>
        <property key="I2C 3" value="true"/>
        <property key="I2C 4" value="true"/>
        <property key="I2C 5" value="true"/>
        <property key="INPUT CAPTURE 1" value="true"/>
        <property key="INPUT CAPTURE 2" value="true"/>
        <property key="INPUT CAPTURE 3" value="true"/>
        <property key="INPUT CAPTURE 4" value="true"/>
        <property key="INPUT CAPTURE 5" value="true"/>
        <property key="INPUT CAPTURE 6" value="true"/>
        <property key="INPUT CAPTURE 7" value="true"/>
        <property key="INPUT CAPTURE 8" value="true"/>
        <property key="INPUT CAPTURE 9" value="true"/>
        <property key="INTERRUPT CONTROL" value="true"/>
        <property key="OUTPUT COMPARE 1" value="true"/>
        <property key="OUTPUT COMPARE 2" value="true"/>
        <property key="OUTPUT COMPARE 3" value="true"/>
        <property key="OUTPUT COMPARE 4" value="true"/>
        <property key="OUTPUT COMPARE 5" value="true"/>
        <property key="OUTPUT COMPARE 6" value="true"/>
        <property key="OUTPUT COMPARE 7" value="true"/>
        <property key="OUTPUT COMPARE 8" value="true"/>
        <property key="OUTPUT COMPARE 9" value="true"/>
        <property key="PARALLEL MASTER/SLAVE PORT" value="true"/>
        <property key="REAL TIME CLOCK" value="true"/>
        <property key="REFERENCE CLOCK1" value="true"/>
        <property key="REFERENCE CLOCK2" value="true"/>
        <property key="REFERENCE CLOCK3" value="true"/>
        <property key="REFERENCE CLOCK4" value="true"/>
        <property key="SPI/I2S 1" value="true"/>
        <property key="SPI/I2S 2" value="true"/>
        <property key="SPI/I2S 3" value="true"/>
        <property key="SPI/I2S 4" value="true"/>
        <property key="SPI/I2S 5" value="true"/>
        <property key="SPI/I2S 6" value="true"/>
        <property key="TIMER1" value="true"/>
        <property key="TIMER2" value="true"/>
        <property key="TIMER3" value="true"/>
        <property key="TIMER4" value="true"/>
        <property key="TIMER5" value="true"/>
        <property key="TIMER6" value="true"/>
        <property key="TIMER7" value="true"/>
        <property key="TIMER8" value="true"/>
        <property key="TIMER9" value="true"/>
        <property key="ToolFirmwareFilePath"
                  value="Press to browse for a specific firmware version"/>
        <property key="ToolFirmwareOption.UpdateOptions"
                  value="ToolFirmwareOption.UseLatest"/>
        <property key="ToolFirmwareToolPack"
                  value="Press to select which tool pack to use"/>
        <property key="UART1" value="true"/>
        <property key="UART2" value="true"/>
        <property key="UART3" value="true"/>
        <property key="UART4" value="true"/>
        <property key="UART5" value="true"/>
        <property key="UART6" value="true"/>
        <property key="communication.interface" value=""/>
        <property key="communication.interface.jtag" value="2wire"/>
        <property key="communication.speed" value="${communication.speed.default}"/>
        <property key="debugoptions.simultaneous.debug" value="false"/>
        <property key="debugoptions.useswbreakpoints" value="false"/>
        <property key="freeze.timers" value="false"/>
        <property key="memories.aux" value="false"/>
        <property key="memories.bootflash" value="true"/>
        <property key="memories.configurationmemory" value="true"/>
        <property key="memories.configurationmemory2" value="true"/>
        <property key="memories.dataflash" value="true"/>
        <property key="memories.eeprom" value="true"/>
        <property key="memories.exclude.configurationmemory" value="true"/>
        <property key="memories.flashdata" value="true"/>
        <property key="memories.id" value="true"/>
        <property key="memories.instruction.ram.ranges"
                  value="${memories.instruction.ram.ranges}"/>
        <property key="memories.programmemory" value="true"/>
        <property key="memories.programmemory.ranges" value="1d000000-1d1fffff"/>
        <property key="memories.rww" value="true"/>
        <property key="programoptions.donoteraseauxmem" value="false"/>
        <property key="programoptions.eraseb4program" value="true"/>
        <property key="programoptions.pgmentry.voltage" value="low"/>
        <property key="programoptions.pgmspeed" value="Med"/>
        <property key="programoptions.preservedataflash" value="false"/>
        <property key="programoptions.preservedataflash.ranges"
                  value="${memories.dataflash.default}"/>
        <property key="programoptions.preserveeeprom" value="false"/>
        <property key="programoptions.preserveeeprom.ranges" value=""/>
        <property key="programoptions.preserveprogram.ranges" value=""/>
        <property key="programoptions.preserveprogramrange" value="false"/>
        <property key="programoptions.preserveuserid" value="false"/>
        <property key="programoptions.programcalmem" value="false"/>
        <property key="programoptions.programuserotp" value="false"/>
        <property key="programoptions.testmodeentrymethod" value="VDDFirst"/>
        <property key="toolpack.updateoptions"
                  value="toolpack.updateoptions.uselatestoolpack"/>
        <property key="toolpack.updateoptions.packversion"
                  value="Press to select which tool pack to use"/>
      </Tool>
      <pkob4hybrid>
        <property key="ADC" value="true"/>
        <property key="AutoSelectMemRanges" value="auto"/>
        <property key="CAN1" value="true"/>
        <property key="CAN2" value="true"/>
        <property key="CHANGE NOTICE A" value="true"/>
        <property key="CHANGE NOTICE B" value="true"/>
        <property key="CHANGE NOTICE C" value="true"/>
        <property key="CHANGE NOTICE D" value="true"/>
        <property key="CHANGE NOTICE E" value="true"/>
        <property key="CHANGE NOTICE F" value="true"/>
        <property key="CHANGE NOTICE G" value="true"/>
        <property key="CHANGE NOTICE H" value="true"/>
        <property key="CHANGE NOTICE J" value="true"/>
        <property key="CHANGE NOTICE K" value="true"/>
        <property key="COMPARATOR" value="true"/>
        <property key="DMA" value="true"/>
        <property key="ETHERNET CONTROLLER" value="true"/>
        <property key="Freeze All Other Peripherals" value="true"/>
        <property key="I2C 1" value="true"/>
        <property key="I2C 2" value="true"/>
        <property key="I2C 3" value="true"/>
        <property key="I2C 4" value="true"/>
        <property key="I2C 5" value="true"/>
        <property key="INPUT CAPTURE 1" value="true"/>
        <property key="INPUT CAPTURE 2" value="true"/>
        <property key="INPUT CAPTURE 3" value="true"/>
        <property key="INPUT CAPTURE 4" value="true"/>
        <property key="INPUT CAPTURE 5" value="true"/>
        <property key="INPUT CAPTURE 6" value="true"/>
        <property key="INPUT CAPTURE 7" value="true"/>
        <property key="INPUT CAPTURE 8" value="true"/>
        <property key="INPUT CAPTURE 9" value="true"/>
        <property key="INTERRUPT CONTROL" value="true"/>
        <property key="OUTPUT COMPARE 1" value="true"/>
        <property key="OUTPUT COMPARE 2" value="true"/>
        <property key="OUTPUT COMPARE 3" value="true"/>
        <property key="OUTPUT COMPARE 4" value="true"/>
        <property key="OUTPUT COMPARE 5" value="true"/>
        <property key="OUTPUT COMPARE 6" value="true"/>
        <property key="OUTPUT COMPARE 7" value="true"/>
        <property key="OUTPUT COMPARE 8" value="true"/>
        <property key="OUTPUT COMPARE 9" value="true"/>
        <property key="PARALLEL MASTER/SLAVE PORT" value="true"/>
        <property key="REAL TIME CLOCK" value="true"/>
        <property key="REFERENCE CLOCK1" value="true"/>
        <property key="REFERENCE CLOCK2" value="true"/>
        <property key="REFERENCE CLOCK3" value="true"/>
        <property key="REFERENCE CLOCK4" value="true"/>
        <property key="SPI/I2S 1" value="true"/>
        <property key="SPI/I2S 2" value="true"/>
        <property key="SPI/I2S 3" value="true"/>
        <property key="SPI/I2S 4" value="true"/>
        <property key="SPI/I2S 5" value="true"/>
        <property key="SPI/I2S 6" value="true"/>
        <property key="TIMER1" value="true"/>
        <property key="TIMER2" value="true"/>
        <property key="TIMER3" value="true"/>
        <property key="TIMER4" value="true"/>
        <property key="TIMER5" value="true"/>
        <property key="TIMER6" value="true"/>
        <property key="TIMER7" value="true"/>
        <property key="TIMER8" value="true"/>
        <property key="TIMER9" value="true"/>
        <property key="ToolFirmwareFilePath"
                  value="Press to browse for a specific firmware version"/>
        <property key="ToolFirmwareOption.UpdateOptions"
                  value="ToolFirmwareOption.UseLatest"/>
        <property key="ToolFirmwareToolPack"
                  value="Press to select which tool pack to use"/>
        <property key="UART1" value="true"/>
        <property key="UART2" value="true"/>
        <property key="UART3" value="true"/>
        <property key="UART4" value="true"/>
        <property key="UART5" value="true"/>
        <property key="UART6" value="true"/>
        <property key="communication.interface" value=""/>
        <property key="communication.interface.jtag" value="2wire"/>
        <property key="communication.speed" value="${communication.speed.default}"/>
        <property key="debugoptions.simultaneous.debug" value="false"/>
        <property key="debugoptions.useswbreakpoints" value="false"/>
        <property key="freeze.timers" value="false"/>
        <property key="memories.aux" value="false"/>
        <property key="memories.bootflash" value="true"/>
        <property key="memories.configurationmemory" value="true"/>
        <property key="memories.configurationmemory2" value="true"/>
        <property key="memories.dataflash" value="true"/>
        <property key="memories.eeprom" value="true"/>
        <property key="memories.exclude.configurationmemory" value="true"/>
        <property key="memories.flashdata" value="true"/>
        <property key="memories.id" value="true"/>
        <property key="memories.instruction.ram.ranges"
                  value="${memories.instruction.ram.ranges}"/>
        <property key="memories.programmemory" value="true"/>
        <property key="memories.programmemory.ranges" value="1d000000-1d1fffff"/>
        <property key="memories.rww" value="true"/>
        <property key="programoptions.donoteraseauxmem" value="false"/>
        <property key="programoptions.eraseb4program" value="true"/>
        <property key="programoptions.pgmentry.voltage" value="low"/>
        <property key="programoptions.pgmspeed" value="Med"/>
        <property key="programoptions.preservedataflash" value="false"/>
        <property key="programoptions.preservedataflash.ranges"
                  value="${memories.dataflash.default}"/>
        <property key="programoptions.preserveeeprom" value="false"/>
        <property key="programoptions.preserveeeprom.ranges" value=""/>
        <property key="programoptions.preserveprogram.ranges" value=""/>
        <property key="programoptions.preserveprogramrange" value="false"/>
        <property key="programoptions.preserveuserid" value="false"/>
        <property key="programoptions.programcalmem" value="false"/>
        <property key="programoptions.programuserotp" value="false"/>
        <property key="programoptions.testmodeentrymethod" value="VDDFirst"/>
        <property key="toolpack.updateoptions"
                  value="toolpack.updateoptions.uselatestoolpack"/>
        <property key="toolpack.updateoptions.packversion"
                  value="Press to select which tool pack to use"/>
      </pkob4hybrid>
    </conf>
  </confs>
</configurationDescriptor>
