{
	"metaDataVersion": "1.0.0",
	"category": "com.microchip.ide.project",
	"content": {
		"metaDataVersion": "1.1.0",
		"name": "com.microchip.mcu32.mplabx.project.MPLAB-Harmony-Reference-Apps_getting_started_middleware",
		"version": "1.4.0",
		"displayName": "Getting Started using Harmony v3 Drivers, System Services, Middleware and FreeRTOS",
		"projectName": "getting_started_middleware_drivers_freertos_pic32mz_ef_curiosity_v2",
		"shortDescription": "Demonstrates how to get started using Harmony drivers for peripherals like USB High-Speed, USART and I2C with FreeRTOS",
		"ide": {
			"name": "MPLABX",
			"semverRange": ">=5.50"
		},
		"compiler": [
			{
				"name": "XC32",
				"semverRange": ">=3.0.1"
			}
		],
		"dfp": {
			"name": "PIC32MZ-EF_DFP",
			"semverRange": "^1.3.58"
		},
		"configurator": {
			"name": "MHC",
			"semverRange": ">=3.6.4"
		},
		"device": {
			"metaDataVersion": "1.0.0",
			"category": "com.microchip.portal.contentRef",
			"content": {
				"metaDataVersion": "1.0.0",
				"category": "com.microchip.device",
				"name": "PIC32MZ2048EFM144",
				"versionRange": "*"
			}
		},
		"author": "Microchip",
		"subcategories": [
			[
				"Development Kit", "Curiosity PIC32MZ EF 2.0 Development Board"
			],
			[
				"Harmony", "Reference Apps"
			]
		],
		"peripherals": [
			"I2C", "Timer", "GPIO", "UART", "DMA"
		],
		"keywords": [
			"MHC",
			"MCC",
			"Harmony",
			"PIC32MZ2048EFM144",
			"PIC32MZ Family",
			"UART",
			"Serial Communication",
			"USART",
			"FLEXCOM",
			"Getting Started",
			"I2C",
			"Timer",
			"GPIO",
			"DMA",
			"Curiosity",
			"PIC32MZ EF",
			"PIC32MZEF",
			"Temperature",
			"I/O1 Xplained",
			"IO1",
			"Pro Extension Kit",
			"EEPROM",
			"File System",
			"Driver",
			"USB",
			"USB Host",
			"High-Speed",
			"Synchronous",
			"FreeRTOS"
			
		],
		"additionalData": {
			"longDescription": {
				"metaDataVersion": "1.0.0",
				"category": "com.microchip.portal.fileRef",
				"content": {
					"metaDataVersion": "1.0.0",
					"fileName": "./../../readme.md",
					"mimeType": "text/markdown"
				}
			}
		}
	}
}
